name,num_nodes,true_clusters,pf1,nmi,ari
jingyin,204,12,0.8966647162083089,0.82409,0.86981
hongyuanchen,458,3,0.9901514301738642,0.88947,0.93355
jietang,1198,43,0.5954980695605722,0.73730,0.55795
minhu,526,23,0.7957959024251677,0.81318,0.77303
