name,num_nodes,true_clusters,pf1,nmi,ari
jingyin,204,12,0.8309198874882799,0.76954,0.78098
hongyuanchen,458,3,0.9901514301738642,0.88947,0.93355
jietang,1198,43,0.6918705213738572,0.65523,0.64937
minhu,526,23,0.6441819220248294,0.72311,0.59923
feichen,1412,79,0.4407735012987895,0.73846,0.42452
hongjunsong,268,4,0.7516778523489932,0.53107,0.50208
binzhou,1529,95,0.48347597790132096,0.57580,0.44047
