name,num_nodes,true_clusters,pf1,nmi,ari
jingyin,204,12,0.9989253731343284,0.99363,0.99865
hongyuanchen,458,3,0.9901514301738642,0.88947,0.93355
