name,num_nodes,true_clusters,pf1,nmi,ari
jingyin,204,12,0.9928656361474435,0.97846,0.99105
hongyuanchen,458,3,0.997548666186013,0.96162,0.98231
jietang,1198,43,0.7313763265306122,0.77591,0.69960
